{
  "countries": [    
    {
      "nombre": "España",
      "name": "Spain",
      "iso2": "ES",
      "iso3": "ESP",
      "phone_code": 34,
      "continente": "Europa"
    },
    {
      "nombre": "Afganistán",
      "name": "Afghanistan",
      "iso2": "AF",
      "iso3": "AFG",
      "phone_code": 93,
      "continente": "Asia"
    },
    {
      "nombre": "Albania",
      "name": "Albania",
      "iso2": "AL",
      "iso3": "ALB",
      "phone_code": 355,
      "continente": "Europa"
    },
    {
      "nombre": "Alemania",
      "name": "Germany",
      "iso2": "DE",
      "iso3": "DEU",
      "phone_code": 49,
      "continente": "Europa"
    },
    {
      "nombre": "Argelia",
      "name": "Algeria",
      "iso2": "DZ",
      "iso3": "DZA",
      "phone_code": 213,
      "continente": "África"
    },
    {
      "nombre": "Andorra",
      "name": "Andorra",
      "iso2": "AD",
      "iso3": "AND",
      "phone_code": 376,
      "continente": "Europa"
    },
    {
      "nombre": "Angola",
      "name": "Angola",
      "iso2": "AO",
      "iso3": "AGO",
      "phone_code": 244,
      "continente": "África"
    },
    {
      "nombre": "Anguila",
      "name": "Anguilla",
      "iso2": "AI",
      "iso3": "AIA",
      "phone_code": 1264,
      "continente": "América"
    },
    {
      "nombre": "Antártida",
      "name": "Antarctica",
      "iso2": "AQ",
      "iso3": "ATA",
      "phone_code": 672,
      "continente": "Antártida"
    },
    {
      "nombre": "Antigua y Barbuda",
      "name": "Antigua and Barbuda",
      "iso2": "AG",
      "iso3": "ATG",
      "phone_code": "1 268",
      "continente": "América"
    },
    {
      "nombre": "Antillas Neerlandesas",
      "name": "Netherlands Antilles",
      "iso2": "AN",
      "iso3": "ANT",
      "phone_code": 599,
      "continente": "América"
    },
    {
      "nombre": "Arabia Saudita",
      "name": "Saudi Arabia",
      "iso2": "SA",
      "iso3": "SAU",
      "phone_code": 966,
      "continente": "Asia"
    },
    {
      "nombre": "Argentina",
      "name": "Argentina",
      "iso2": "AR",
      "iso3": "ARG",
      "phone_code": 54,
      "continente": "América"
    },
    {
      "nombre": "Armenia",
      "name": "Armenia",
      "iso2": "AM",
      "iso3": "ARM",
      "phone_code": 374,
      "continente": "Asia"
    },
    {
      "nombre": "Aruba",
      "name": "Aruba",
      "iso2": "AW",
      "iso3": "ABW",
      "phone_code": 297,
      "continente": "América"
    },
    {
      "nombre": "Australia",
      "name": "Australia",
      "iso2": "AU",
      "iso3": "AUS",
      "phone_code": 61,
      "continente": "Australia y Oceanía"
    },
    {
      "nombre": "Austria",
      "name": "Austria",
      "iso2": "AT",
      "iso3": "AUT",
      "phone_code": 43,
      "continente": "Europa"
    },
    {
      "nombre": "Azerbayán",
      "name": "Azerbaijan",
      "iso2": "AZ",
      "iso3": "AZE",
      "phone_code": 994,
      "continente": "Asia"
    },
    {
      "nombre": "Bélgica",
      "name": "Belgium",
      "iso2": "BE",
      "iso3": "BEL",
      "phone_code": 32,
      "continente": "Europa"
    },
    {
      "nombre": "Bahamas",
      "name": "Bahamas",
      "iso2": "BS",
      "iso3": "BHS",
      "phone_code": 1242,
      "continente": "América"
    },
    {
      "nombre": "Bahrein",
      "name": "Bahrain",
      "iso2": "BH",
      "iso3": "BHR",
      "phone_code": 973,
      "continente": "Asia"
    },
    {
      "nombre": "Bangladesh",
      "name": "Bangladesh",
      "iso2": "BD",
      "iso3": "BGD",
      "phone_code": 880,
      "continente": "Asia"
    },
    {
      "nombre": "Barbados",
      "name": "Barbados",
      "iso2": "BB",
      "iso3": "BRB",
      "phone_code": 1246,
      "continente": "América"
    },
    {
      "nombre": "Belice",
      "name": "Belize",
      "iso2": "BZ",
      "iso3": "BLZ",
      "phone_code": 501,
      "continente": "América"
    },
    {
      "nombre": "Benín",
      "name": "Benin",
      "iso2": "BJ",
      "iso3": "BEN",
      "phone_code": 229,
      "continente": "África"
    },
    {
      "nombre": "Bhután",
      "name": "Bhutan",
      "iso2": "BT",
      "iso3": "BTN",
      "phone_code": 975,
      "continente": "Asia"
    },
    {
      "nombre": "Bielorrusia",
      "name": "Belarus",
      "iso2": "BY",
      "iso3": "BLR",
      "phone_code": 375,
      "continente": "Europa"
    },
    {
      "nombre": "Birmania",
      "name": "Myanmar",
      "iso2": "MM",
      "iso3": "MMR",
      "phone_code": 95,
      "continente": "Asia"
    },
    {
      "nombre": "Bolivia",
      "name": "Bolivia",
      "iso2": "BO",
      "iso3": "BOL",
      "phone_code": 591,
      "continente": "América"
    },
    {
      "nombre": "Bosnia y Herzegovina",
      "name": "Bosnia and Herzegovina",
      "iso2": "BA",
      "iso3": "BIH",
      "phone_code": 387,
      "continente": "Europa"
    },
    {
      "nombre": "Botsuana",
      "name": "Botswana",
      "iso2": "BW",
      "iso3": "BWA",
      "phone_code": 267,
      "continente": "África"
    },
    {
      "nombre": "Brasil",
      "name": "Brazil",
      "iso2": "BR",
      "iso3": "BRA",
      "phone_code": 55,
      "continente": "América"
    },
    {
      "nombre": "Brunéi",
      "name": "Brunei",
      "iso2": "BN",
      "iso3": "BRN",
      "phone_code": 673,
      "continente": "Asia"
    },
    {
      "nombre": "Bulgaria",
      "name": "Bulgaria",
      "iso2": "BG",
      "iso3": "BGR",
      "phone_code": 359,
      "continente": "Europa"
    },
    {
      "nombre": "Burkina Faso",
      "name": "Burkina Faso",
      "iso2": "BF",
      "iso3": "BFA",
      "phone_code": 226,
      "continente": "África"
    },
    {
      "nombre": "Burundi",
      "name": "Burundi",
      "iso2": "BI",
      "iso3": "BDI",
      "phone_code": 257,
      "continente": "África"
    },
    {
      "nombre": "Cabo Verde",
      "name": "Cape Verde",
      "iso2": "CV",
      "iso3": "CPV",
      "phone_code": 238,
      "continente": "África"
    },
    {
      "nombre": "Camboya",
      "name": "Cambodia",
      "iso2": "KH",
      "iso3": "KHM",
      "phone_code": 855,
      "continente": "Asia"
    },
    {
      "nombre": "Camerún",
      "name": "Cameroon",
      "iso2": "CM",
      "iso3": "CMR",
      "phone_code": 237,
      "continente": "África"
    },
    {
      "nombre": "Canadá",
      "name": "Canada",
      "iso2": "CA",
      "iso3": "CAN",
      "phone_code": 1,
      "continente": "América"
    },
    {
      "nombre": "Chad",
      "name": "Chad",
      "iso2": "TD",
      "iso3": "TCD",
      "phone_code": 235,
      "continente": "África"
    },
    {
      "nombre": "Chile",
      "name": "Chile",
      "iso2": "CL",
      "iso3": "CHL",
      "phone_code": 56,
      "continente": "América"
    },
    {
      "nombre": "China",
      "name": "China",
      "iso2": "CN",
      "iso3": "CHN",
      "phone_code": 86,
      "continente": "Asia"
    },
    {
      "nombre": "Chipre",
      "name": "Cyprus",
      "iso2": "CY",
      "iso3": "CYP",
      "phone_code": 357,
      "continente": "Asia"
    },
    {
      "nombre": "Ciudad del Vaticano",
      "name": "Vatican City State",
      "iso2": "VA",
      "iso3": "VAT",
      "phone_code": 39,
      "continente": "Europa"
    },
    {
      "nombre": "Colombia",
      "name": "Colombia",
      "iso2": "CO",
      "iso3": "COL",
      "phone_code": 57,
      "continente": "América"
    },
    {
      "nombre": "Comoras",
      "name": "Comoros",
      "iso2": "KM",
      "iso3": "COM",
      "phone_code": 269,
      "continente": "África"
    },
    {
      "nombre": "Congo",
      "name": "Congo",
      "iso2": "CG",
      "iso3": "COG",
      "phone_code": 242,
      "continente": "África"
    },
    {
      "nombre": "Congo",
      "name": "Congo",
      "iso2": "CD",
      "iso3": "COD",
      "phone_code": 243,
      "continente": "África"
    },
    {
      "nombre": "Corea del Norte",
      "name": "North Korea",
      "iso2": "KP",
      "iso3": "PRK",
      "phone_code": 850,
      "continente": "Asia"
    },
    {
      "nombre": "Corea del Sur",
      "name": "South Korea",
      "iso2": "KR",
      "iso3": "KOR",
      "phone_code": 82,
      "continente": "Asia"
    },
    {
      "nombre": "Costa de Marfil",
      "name": "Ivory Coast",
      "iso2": "CI",
      "iso3": "CIV",
      "phone_code": 225,
      "continente": "África"
    },
    {
      "nombre": "Costa Rica",
      "name": "Costa Rica",
      "iso2": "CR",
      "iso3": "CRI",
      "phone_code": 506,
      "continente": "América"
    },
    {
      "nombre": "Croacia",
      "name": "Croatia",
      "iso2": "HR",
      "iso3": "HRV",
      "phone_code": 385,
      "continente": "Europa"
    },
    {
      "nombre": "Cuba",
      "name": "Cuba",
      "iso2": "CU",
      "iso3": "CUB",
      "phone_code": 53,
      "continente": "América"
    },
    {
      "nombre": "Dinamarca",
      "name": "Denmark",
      "iso2": "DK",
      "iso3": "DNK",
      "phone_code": 45,
      "continente": "Europa"
    },
    {
      "nombre": "Dominica",
      "name": "Dominica",
      "iso2": "DM",
      "iso3": "DMA",
      "phone_code": 1767,
      "continente": "América"
    },
    {
      "nombre": "Ecuador",
      "name": "Ecuador",
      "iso2": "EC",
      "iso3": "ECU",
      "phone_code": 593,
      "continente": "América"
    },
    {
      "nombre": "Egipto",
      "name": "Egypt",
      "iso2": "EG",
      "iso3": "EGY",
      "phone_code": 20,
      "continente": "África"
    },
    {
      "nombre": "El Salvador",
      "name": "El Salvador",
      "iso2": "SV",
      "iso3": "SLV",
      "phone_code": 503,
      "continente": "América"
    },
    {
      "nombre": "Emiratos Árabes Unidos",
      "name": "United Arab Emirates",
      "iso2": "AE",
      "iso3": "ARE",
      "phone_code": 971,
      "continente": "Asia"
    },
    {
      "nombre": "Eritrea",
      "name": "Eritrea",
      "iso2": "ER",
      "iso3": "ERI",
      "phone_code": 291,
      "continente": "África"
    },
    {
      "nombre": "Eslovaquia",
      "name": "Slovakia",
      "iso2": "SK",
      "iso3": "SVK",
      "phone_code": 421,
      "continente": "Europa"
    },
    {
      "nombre": "Eslovenia",
      "name": "Slovenia",
      "iso2": "SI",
      "iso3": "SVN",
      "phone_code": 386,
      "continente": "Europa"
    },
    {
      "nombre": "Estados Unidos de América",
      "name": "United States of America",
      "iso2": "US",
      "iso3": "USA",
      "phone_code": 1,
      "continente": "América"
    },
    {
      "nombre": "Estonia",
      "name": "Estonia",
      "iso2": "EE",
      "iso3": "EST",
      "phone_code": 372,
      "continente": "Europa"
    },
    {
      "nombre": "Etiopía",
      "name": "Ethiopia",
      "iso2": "ET",
      "iso3": "ETH",
      "phone_code": 251,
      "continente": "África"
    },
    {
      "nombre": "Filipinas",
      "name": "Philippines",
      "iso2": "PH",
      "iso3": "PHL",
      "phone_code": 63,
      "continente": "Asia"
    },
    {
      "nombre": "Finlandia",
      "name": "Finland",
      "iso2": "FI",
      "iso3": "FIN",
      "phone_code": 358,
      "continente": "Europa"
    },
    {
      "nombre": "Fiyi",
      "name": "Fiji",
      "iso2": "FJ",
      "iso3": "FJI",
      "phone_code": 679,
      "continente": "Australia y Oceanía"
    },
    {
      "nombre": "Francia",
      "name": "France",
      "iso2": "FR",
      "iso3": "FRA",
      "phone_code": 33,
      "continente": "Europa"
    },
    {
      "nombre": "Gabón",
      "name": "Gabon",
      "iso2": "GA",
      "iso3": "GAB",
      "phone_code": 241,
      "continente": "África"
    },
    {
      "nombre": "Gambia",
      "name": "Gambia",
      "iso2": "GM",
      "iso3": "GMB",
      "phone_code": 220,
      "continente": "África"
    },
    {
      "nombre": "Georgia",
      "name": "Georgia",
      "iso2": "GE",
      "iso3": "GEO",
      "phone_code": 995,
      "continente": "Asia"
    },
    {
      "nombre": "Ghana",
      "name": "Ghana",
      "iso2": "GH",
      "iso3": "GHA",
      "phone_code": 233,
      "continente": "África"
    },
    {
      "nombre": "Gibraltar",
      "name": "Gibraltar",
      "iso2": "GI",
      "iso3": "GIB",
      "phone_code": 350,
      "continente": "Europa"
    },
    {
      "nombre": "Granada",
      "name": "Grenada",
      "iso2": "GD",
      "iso3": "GRD",
      "phone_code": 1473,
      "continente": "América"
    },
    {
      "nombre": "Grecia",
      "name": "Greece",
      "iso2": "GR",
      "iso3": "GRC",
      "phone_code": 30,
      "continente": "Europa"
    },
    {
      "nombre": "Groenlandia",
      "name": "Greenland",
      "iso2": "GL",
      "iso3": "GRL",
      "phone_code": 299,
      "continente": "América"
    },
    {
      "nombre": "Guadalupe",
      "name": "Guadeloupe",
      "iso2": "GP",
      "iso3": "GLP",
      "phone_code": 0,
      "continente": "América"
    },
    {
      "nombre": "Guam",
      "name": "Guam",
      "iso2": "GU",
      "iso3": "GUM",
      "phone_code": 1671,
      "continente": "Australia y Oceanía"
    },
    {
      "nombre": "Guatemala",
      "name": "Guatemala",
      "iso2": "GT",
      "iso3": "GTM",
      "phone_code": 502,
      "continente": "América"
    },
    {
      "nombre": "Guayana Francesa",
      "name": "French Guiana",
      "iso2": "GF",
      "iso3": "GUF",
      "phone_code": 0,
      "continente": "América"
    },
    {
      "nombre": "Guernsey",
      "name": "Guernsey",
      "iso2": "GG",
      "iso3": "GGY",
      "phone_code": 0,
      "continente": "Europa"
    },
    {
      "nombre": "Guinea",
      "name": "Guinea",
      "iso2": "GN",
      "iso3": "GIN",
      "phone_code": 224,
      "continente": "África"
    },
    {
      "nombre": "Guinea Ecuatorial",
      "name": "Equatorial Guinea",
      "iso2": "GQ",
      "iso3": "GNQ",
      "phone_code": 240,
      "continente": "África"
    },
    {
      "nombre": "Guinea-Bissau",
      "name": "Guinea-Bissau",
      "iso2": "GW",
      "iso3": "GNB",
      "phone_code": 245,
      "continente": "África"
    },
    {
      "nombre": "Guyana",
      "name": "Guyana",
      "iso2": "GY",
      "iso3": "GUY",
      "phone_code": 592,
      "continente": "América"
    },
    {
      "nombre": "Haití",
      "name": "Haiti",
      "iso2": "HT",
      "iso3": "HTI",
      "phone_code": 509,
      "continente": "América"
    },
    {
      "nombre": "Honduras",
      "name": "Honduras",
      "iso2": "HN",
      "iso3": "HND",
      "phone_code": 504,
      "continente": "América"
    },
    {
      "nombre": "Hong kong",
      "name": "Hong Kong",
      "iso2": "HK",
      "iso3": "HKG",
      "phone_code": 852,
      "continente": "Asia"
    },
    {
      "nombre": "Hungría",
      "name": "Hungary",
      "iso2": "HU",
      "iso3": "HUN",
      "phone_code": 36,
      "continente": "Europa"
    },
    {
      "nombre": "India",
      "name": "India",
      "iso2": "IN",
      "iso3": "IND",
      "phone_code": 91,
      "continente": "Asia"
    },
    {
      "nombre": "Indonesia",
      "name": "Indonesia",
      "iso2": "ID",
      "iso3": "IDN",
      "phone_code": 62,
      "continente": "Asia"
    },
    {
      "nombre": "Irán",
      "name": "Iran",
      "iso2": "IR",
      "iso3": "IRN",
      "phone_code": 98,
      "continente": "Asia"
    },
    {
      "nombre": "Irak",
      "name": "Iraq",
      "iso2": "IQ",
      "iso3": "IRQ",
      "phone_code": 964,
      "continente": "Asia"
    },
    {
      "nombre": "Irlanda",
      "name": "Ireland",
      "iso2": "IE",
      "iso3": "IRL",
      "phone_code": 353,
      "continente": "Europa"
    },
    {
      "nombre": "Isla Bouvet",
      "name": "Bouvet Island",
      "iso2": "BV",
      "iso3": "BVT",
      "phone_code": 0,
      "continente": "Antártida"
    },
    {
      "nombre": "Isla de Man",
      "name": "Isle of Man",
      "iso2": "IM",
      "iso3": "IMN",
      "phone_code": 44,
      "continente": "Europa"
    },
    {
      "nombre": "Isla de Navidad",
      "name": "Christmas Island",
      "iso2": "CX",
      "iso3": "CXR",
      "phone_code": 61,
      "continente": "Asia"
    },
    {
      "nombre": "Isla Norfolk",
      "name": "Norfolk Island",
      "iso2": "NF",
      "iso3": "NFK",
      "phone_code": 0,
      "continente": "Australia y Oceanía"
    },
    {
      "nombre": "Islandia",
      "name": "Iceland",
      "iso2": "IS",
      "iso3": "ISL",
      "phone_code": 354,
      "continente": "Europa"
    },
    {
      "nombre": "Islas Bermudas",
      "name": "Bermuda Islands",
      "iso2": "BM",
      "iso3": "BMU",
      "phone_code": 1441,
      "continente": "América"
    },
    {
      "nombre": "Islas Caimán",
      "name": "Cayman Islands",
      "iso2": "KY",
      "iso3": "CYM",
      "phone_code": 1345,
      "continente": "América"
    },
    {
      "nombre": "Islas Cocos (Keeling)",
      "name": "Cocos (Keeling) Islands",
      "iso2": "CC",
      "iso3": "CCK",
      "phone_code": 61,
      "continente": "Asia"
    },
    {
      "nombre": "Islas Cook",
      "name": "Cook Islands",
      "iso2": "CK",
      "iso3": "COK",
      "phone_code": 682,
      "continente": "Australia y Oceanía"
    },
    {
      "nombre": "Islas de Åland",
      "name": "Åland Islands",
      "iso2": "AX",
      "iso3": "ALA",
      "phone_code": 0,
      "continente": "Europa"
    },
    {
      "nombre": "Islas Feroe",
      "name": "Faroe Islands",
      "iso2": "FO",
      "iso3": "FRO",
      "phone_code": 298,
      "continente": "Europa"
    },
    {
      "nombre": "Islas Georgias del Sur y Sandwich del Sur",
      "name": "South Georgia and the South Sandwich Islands",
      "iso2": "GS",
      "iso3": "SGS",
      "phone_code": 0,
      "continente": "América"
    },
    {
      "nombre": "Islas Heard y McDonald",
      "name": "Heard Island and McDonald Islands",
      "iso2": "HM",
      "iso3": "HMD",
      "phone_code": 0,
      "continente": "Antártida"
    },
    {
      "nombre": "Islas Maldivas",
      "name": "Maldives",
      "iso2": "MV",
      "iso3": "MDV",
      "phone_code": 960,
      "continente": "Asia"
    },
    {
      "nombre": "Islas Malvinas",
      "name": "Falkland Islands (Malvinas)",
      "iso2": "FK",
      "iso3": "FLK",
      "phone_code": 500,
      "continente": "América"
    },
    {
      "nombre": "Islas Marianas del Norte",
      "name": "Northern Mariana Islands",
      "iso2": "MP",
      "iso3": "MNP",
      "phone_code": 1670,
      "continente": "Australia y Oceanía"
    },
    {
      "nombre": "Islas Marshall",
      "name": "Marshall Islands",
      "iso2": "MH",
      "iso3": "MHL",
      "phone_code": 692,
      "continente": "Australia y Oceanía"
    },
    {
      "nombre": "Islas Pitcairn",
      "name": "Pitcairn Islands",
      "iso2": "PN",
      "iso3": "PCN",
      "phone_code": 870,
      "continente": "Australia y Oceanía"
    },
    {
      "nombre": "Islas Salomón",
      "name": "Solomon Islands",
      "iso2": "SB",
      "iso3": "SLB",
      "phone_code": 677,
      "continente": "Australia y Oceanía"
    },
    {
      "nombre": "Islas Turcas y Caicos",
      "name": "Turks and Caicos Islands",
      "iso2": "TC",
      "iso3": "TCA",
      "phone_code": 1649,
      "continente": "América"
    },
    {
      "nombre": "Islas Ultramarinas Menores de Estados Unidos",
      "name": "United States Minor Outlying Islands",
      "iso2": "UM",
      "iso3": "UMI",
      "phone_code": 0,
      "continente": ""
    },
    {
      "nombre": "Islas Vírgenes Británicas",
      "name": "Virgin Islands, British",
      "iso2": "VG",
      "iso3": "VG",
      "phone_code": 1284,
      "continente": "América"
    },
    {
      "nombre": "Islas Vírgenes de los Estados Unidos",
      "name": "United States Virgin Islands",
      "iso2": "VI",
      "iso3": "VIR",
      "phone_code": 1340,
      "continente": "América"
    },
    {
      "nombre": "Israel",
      "name": "Israel",
      "iso2": "IL",
      "iso3": "ISR",
      "phone_code": 972,
      "continente": "Asia"
    },
    {
      "nombre": "Italia",
      "name": "Italy",
      "iso2": "IT",
      "iso3": "ITA",
      "phone_code": 39,
      "continente": "Europa"
    },
    {
      "nombre": "Jamaica",
      "name": "Jamaica",
      "iso2": "JM",
      "iso3": "JAM",
      "phone_code": 1876,
      "continente": "América"
    },
    {
      "nombre": "Japón",
      "name": "Japan",
      "iso2": "JP",
      "iso3": "JPN",
      "phone_code": 81,
      "continente": "Asia"
    },
    {
      "nombre": "Jersey",
      "name": "Jersey",
      "iso2": "JE",
      "iso3": "JEY",
      "phone_code": 0,
      "continente": "Europa"
    },
    {
      "nombre": "Jordania",
      "name": "Jordan",
      "iso2": "JO",
      "iso3": "JOR",
      "phone_code": 962,
      "continente": "Asia"
    },
    {
      "nombre": "Kazajistán",
      "name": "Kazakhstan",
      "iso2": "KZ",
      "iso3": "KAZ",
      "phone_code": 7,
      "continente": "Asia"
    },
    {
      "nombre": "Kenia",
      "name": "Kenya",
      "iso2": "KE",
      "iso3": "KEN",
      "phone_code": 254,
      "continente": "África"
    },
    {
      "nombre": "Kirgizstán",
      "name": "Kyrgyzstan",
      "iso2": "KG",
      "iso3": "KGZ",
      "phone_code": 996,
      "continente": "Asia"
    },
    {
      "nombre": "Kiribati",
      "name": "Kiribati",
      "iso2": "KI",
      "iso3": "KIR",
      "phone_code": 686,
      "continente": "Australia y Oceanía"
    },
    {
      "nombre": "Kuwait",
      "name": "Kuwait",
      "iso2": "KW",
      "iso3": "KWT",
      "phone_code": 965,
      "continente": "Asia"
    },
    {
      "nombre": "Líbano",
      "name": "Lebanon",
      "iso2": "LB",
      "iso3": "LBN",
      "phone_code": 961,
      "continente": "Asia"
    },
    {
      "nombre": "Laos",
      "name": "Laos",
      "iso2": "LA",
      "iso3": "LAO",
      "phone_code": 856,
      "continente": "Asia"
    },
    {
      "nombre": "Lesoto",
      "name": "Lesotho",
      "iso2": "LS",
      "iso3": "LSO",
      "phone_code": 266,
      "continente": "África"
    },
    {
      "nombre": "Letonia",
      "name": "Latvia",
      "iso2": "LV",
      "iso3": "LVA",
      "phone_code": 371,
      "continente": "Europa"
    },
    {
      "nombre": "Liberia",
      "name": "Liberia",
      "iso2": "LR",
      "iso3": "LBR",
      "phone_code": 231,
      "continente": "África"
    },
    {
      "nombre": "Libia",
      "name": "Libya",
      "iso2": "LY",
      "iso3": "LBY",
      "phone_code": 218,
      "continente": "África"
    },
    {
      "nombre": "Liechtenstein",
      "name": "Liechtenstein",
      "iso2": "LI",
      "iso3": "LIE",
      "phone_code": 423,
      "continente": "Europa"
    },
    {
      "nombre": "Lituania",
      "name": "Lithuania",
      "iso2": "LT",
      "iso3": "LTU",
      "phone_code": 370,
      "continente": "Europa"
    },
    {
      "nombre": "Luxemburgo",
      "name": "Luxembourg",
      "iso2": "LU",
      "iso3": "LUX",
      "phone_code": 352,
      "continente": "Europa"
    },
    {
      "nombre": "México",
      "name": "Mexico",
      "iso2": "MX",
      "iso3": "MEX",
      "phone_code": 52,
      "continente": "América"
    },
    {
      "nombre": "Mónaco",
      "name": "Monaco",
      "iso2": "MC",
      "iso3": "MCO",
      "phone_code": 377,
      "continente": "Europa"
    },
    {
      "nombre": "Macao",
      "name": "Macao",
      "iso2": "MO",
      "iso3": "MAC",
      "phone_code": 853,
      "continente": "Asia"
    },
    {
      "nombre": "Macedônia",
      "name": "Macedonia",
      "iso2": "MK",
      "iso3": "MKD",
      "phone_code": 389,
      "continente": "Europa"
    },
    {
      "nombre": "Madagascar",
      "name": "Madagascar",
      "iso2": "MG",
      "iso3": "MDG",
      "phone_code": 261,
      "continente": "África"
    },
    {
      "nombre": "Malasia",
      "name": "Malaysia",
      "iso2": "MY",
      "iso3": "MYS",
      "phone_code": 60,
      "continente": "Asia"
    },
    {
      "nombre": "Malawi",
      "name": "Malawi",
      "iso2": "MW",
      "iso3": "MWI",
      "phone_code": 265,
      "continente": "África"
    },
    {
      "nombre": "Mali",
      "name": "Mali",
      "iso2": "ML",
      "iso3": "MLI",
      "phone_code": 223,
      "continente": "África"
    },
    {
      "nombre": "Malta",
      "name": "Malta",
      "iso2": "MT",
      "iso3": "MLT",
      "phone_code": 356,
      "continente": "Europa"
    },
    {
      "nombre": "Marruecos",
      "name": "Morocco",
      "iso2": "MA",
      "iso3": "MAR",
      "phone_code": 212,
      "continente": "África"
    },
    {
      "nombre": "Martinica",
      "name": "Martinique",
      "iso2": "MQ",
      "iso3": "MTQ",
      "phone_code": 0,
      "continente": "América"
    },
    {
      "nombre": "Mauricio",
      "name": "Mauritius",
      "iso2": "MU",
      "iso3": "MUS",
      "phone_code": 230,
      "continente": "África"
    },
    {
      "nombre": "Mauritania",
      "name": "Mauritania",
      "iso2": "MR",
      "iso3": "MRT",
      "phone_code": 222,
      "continente": "África"
    },
    {
      "nombre": "Mayotte",
      "name": "Mayotte",
      "iso2": "YT",
      "iso3": "MYT",
      "phone_code": 262,
      "continente": "África"
    },
    {
      "nombre": "Micronesia",
      "name": "Estados Federados de",
      "iso2": "FM",
      "iso3": "FSM",
      "phone_code": 691,
      "continente": "Australia y Oceanía"
    },
    {
      "nombre": "Moldavia",
      "name": "Moldova",
      "iso2": "MD",
      "iso3": "MDA",
      "phone_code": 373,
      "continente": "Europa"
    },
    {
      "nombre": "Mongolia",
      "name": "Mongolia",
      "iso2": "MN",
      "iso3": "MNG",
      "phone_code": 976,
      "continente": "Asia"
    },
    {
      "nombre": "Montenegro",
      "name": "Montenegro",
      "iso2": "ME",
      "iso3": "MNE",
      "phone_code": 382,
      "continente": "Europa"
    },
    {
      "nombre": "Montserrat",
      "name": "Montserrat",
      "iso2": "MS",
      "iso3": "MSR",
      "phone_code": 1664,
      "continente": "América"
    },
    {
      "nombre": "Mozambique",
      "name": "Mozambique",
      "iso2": "MZ",
      "iso3": "MOZ",
      "phone_code": 258,
      "continente": "África"
    },
    {
      "nombre": "Namibia",
      "name": "Namibia",
      "iso2": "NA",
      "iso3": "NAM",
      "phone_code": 264,
      "continente": "África"
    },
    {
      "nombre": "Nauru",
      "name": "Nauru",
      "iso2": "NR",
      "iso3": "NRU",
      "phone_code": 674,
      "continente": "Australia y Oceanía"
    },
    {
      "nombre": "Nepal",
      "name": "Nepal",
      "iso2": "NP",
      "iso3": "NPL",
      "phone_code": 977,
      "continente": "Asia"
    },
    {
      "nombre": "Nicaragua",
      "name": "Nicaragua",
      "iso2": "NI",
      "iso3": "NIC",
      "phone_code": 505,
      "continente": "América"
    },
    {
      "nombre": "Niger",
      "name": "Niger",
      "iso2": "NE",
      "iso3": "NER",
      "phone_code": 227,
      "continente": "África"
    },
    {
      "nombre": "Nigeria",
      "name": "Nigeria",
      "iso2": "NG",
      "iso3": "NGA",
      "phone_code": 234,
      "continente": "África"
    },
    {
      "nombre": "Niue",
      "name": "Niue",
      "iso2": "NU",
      "iso3": "NIU",
      "phone_code": 683,
      "continente": "Australia y Oceanía"
    },
    {
      "nombre": "Noruega",
      "name": "Norway",
      "iso2": "NO",
      "iso3": "NOR",
      "phone_code": 47,
      "continente": "Europa"
    },
    {
      "nombre": "Nueva Caledonia",
      "name": "New Caledonia",
      "iso2": "NC",
      "iso3": "NCL",
      "phone_code": 687,
      "continente": "Australia y Oceanía"
    },
    {
      "nombre": "Nueva Zelanda",
      "name": "New Zealand",
      "iso2": "NZ",
      "iso3": "NZL",
      "phone_code": 64,
      "continente": "Australia y Oceanía"
    },
    {
      "nombre": "Omán",
      "name": "Oman",
      "iso2": "OM",
      "iso3": "OMN",
      "phone_code": 968,
      "continente": "Asia"
    },
    {
      "nombre": "Países Bajos",
      "name": "Netherlands",
      "iso2": "NL",
      "iso3": "NLD",
      "phone_code": 31,
      "continente": "Europa"
    },
    {
      "nombre": "Pakistán",
      "name": "Pakistan",
      "iso2": "PK",
      "iso3": "PAK",
      "phone_code": 92,
      "continente": "Asia"
    },
    {
      "nombre": "Palau",
      "name": "Palau",
      "iso2": "PW",
      "iso3": "PLW",
      "phone_code": 680,
      "continente": "Australia y Oceanía"
    },
    {
      "nombre": "Palestina",
      "name": "Palestine",
      "iso2": "PS",
      "iso3": "PSE",
      "phone_code": 0,
      "continente": "Asia"
    },
    {
      "nombre": "Panamá",
      "name": "Panama",
      "iso2": "PA",
      "iso3": "PAN",
      "phone_code": 507,
      "continente": "América"
    },
    {
      "nombre": "Papúa Nueva Guinea",
      "name": "Papua New Guinea",
      "iso2": "PG",
      "iso3": "PNG",
      "phone_code": 675,
      "continente": "Australia y Oceanía"
    },
    {
      "nombre": "Paraguay",
      "name": "Paraguay",
      "iso2": "PY",
      "iso3": "PRY",
      "phone_code": 595,
      "continente": "América"
    },
    {
      "nombre": "Perú",
      "name": "Peru",
      "iso2": "PE",
      "iso3": "PER",
      "phone_code": 51,
      "continente": "América"
    },
    {
      "nombre": "Polinesia Francesa",
      "name": "French Polynesia",
      "iso2": "PF",
      "iso3": "PYF",
      "phone_code": 689,
      "continente": "Australia y Oceanía"
    },
    {
      "nombre": "Polonia",
      "name": "Poland",
      "iso2": "PL",
      "iso3": "POL",
      "phone_code": 48,
      "continente": "Europa"
    },
    {
      "nombre": "Portugal",
      "name": "Portugal",
      "iso2": "PT",
      "iso3": "PRT",
      "phone_code": 351,
      "continente": "Europa"
    },
    {
      "nombre": "Puerto Rico",
      "name": "Puerto Rico",
      "iso2": "PR",
      "iso3": "PRI",
      "phone_code": 1,
      "continente": "América"
    },
    {
      "nombre": "Qatar",
      "name": "Qatar",
      "iso2": "QA",
      "iso3": "QAT",
      "phone_code": 974,
      "continente": "Asia"
    },
    {
      "nombre": "Reino Unido",
      "name": "United Kingdom",
      "iso2": "GB",
      "iso3": "GBR",
      "phone_code": 44,
      "continente": "Europa"
    },
    {
      "nombre": "República Centroafricana",
      "name": "Central African Republic",
      "iso2": "CF",
      "iso3": "CAF",
      "phone_code": 236,
      "continente": "África"
    },
    {
      "nombre": "República Checa",
      "name": "Czech Republic",
      "iso2": "CZ",
      "iso3": "CZE",
      "phone_code": 420,
      "continente": "Europa"
    },
    {
      "nombre": "República Dominicana",
      "name": "Dominican Republic",
      "iso2": "DO",
      "iso3": "DOM",
      "phone_code": 1809,
      "continente": "América"
    },
    {
      "nombre": "Reunión",
      "name": "Réunion",
      "iso2": "RE",
      "iso3": "REU",
      "phone_code": 0,
      "continente": "África"
    },
    {
      "nombre": "Ruanda",
      "name": "Rwanda",
      "iso2": "RW",
      "iso3": "RWA",
      "phone_code": 250,
      "continente": "África"
    },
    {
      "nombre": "Rumanía",
      "name": "Romania",
      "iso2": "RO",
      "iso3": "ROU",
      "phone_code": 40,
      "continente": "Europa"
    },
    {
      "nombre": "Rusia",
      "name": "Russia",
      "iso2": "RU",
      "iso3": "RUS",
      "phone_code": 7,
      "continente": "Europa"
    },
    {
      "nombre": "Sahara Occidental",
      "name": "Western Sahara",
      "iso2": "EH",
      "iso3": "ESH",
      "phone_code": 0,
      "continente": "África"
    },
    {
      "nombre": "Samoa",
      "name": "Samoa",
      "iso2": "WS",
      "iso3": "WSM",
      "phone_code": 685,
      "continente": "Australia y Oceanía"
    },
    {
      "nombre": "Samoa Americana",
      "name": "American Samoa",
      "iso2": "AS",
      "iso3": "ASM",
      "phone_code": 1684,
      "continente": "Australia y Oceanía"
    },
    {
      "nombre": "San Bartolomé",
      "name": "Saint Barthélemy",
      "iso2": "BL",
      "iso3": "BLM",
      "phone_code": 590,
      "continente": "América"
    },
    {
      "nombre": "San Cristóbal y Nieves",
      "name": "Saint Kitts and Nevis",
      "iso2": "KN",
      "iso3": "KNA",
      "phone_code": 1869,
      "continente": "América"
    },
    {
      "nombre": "San Marino",
      "name": "San Marino",
      "iso2": "SM",
      "iso3": "SMR",
      "phone_code": 378,
      "continente": "Europa"
    },
    {
      "nombre": "San Martín (Francia)",
      "name": "Saint Martin (French part)",
      "iso2": "MF",
      "iso3": "MAF",
      "phone_code": 1599,
      "continente": "América"
    },
    {
      "nombre": "San Pedro y Miquelón",
      "name": "Saint Pierre and Miquelon",
      "iso2": "PM",
      "iso3": "SPM",
      "phone_code": 508,
      "continente": "América"
    },
    {
      "nombre": "San Vicente y las Granadinas",
      "name": "Saint Vincent and the Grenadines",
      "iso2": "VC",
      "iso3": "VCT",
      "phone_code": 1784,
      "continente": "América"
    },
    {
      "nombre": "Santa Elena",
      "name": "Ascensión y Tristán de Acuña",
      "iso2": "SH",
      "iso3": "SHN",
      "phone_code": 290,
      "continente": "África"
    },
    {
      "nombre": "Santa Lucía",
      "name": "Saint Lucia",
      "iso2": "LC",
      "iso3": "LCA",
      "phone_code": 1758,
      "continente": "América"
    },
    {
      "nombre": "Santo Tomé y Príncipe",
      "name": "Sao Tome and Principe",
      "iso2": "ST",
      "iso3": "STP",
      "phone_code": 239,
      "continente": "África"
    },
    {
      "nombre": "Senegal",
      "name": "Senegal",
      "iso2": "SN",
      "iso3": "SEN",
      "phone_code": 221,
      "continente": "África"
    },
    {
      "nombre": "Serbia",
      "name": "Serbia",
      "iso2": "RS",
      "iso3": "SRB",
      "phone_code": 381,
      "continente": "Europa"
    },
    {
      "nombre": "Seychelles",
      "name": "Seychelles",
      "iso2": "SC",
      "iso3": "SYC",
      "phone_code": 248,
      "continente": "África"
    },
    {
      "nombre": "Sierra Leona",
      "name": "Sierra Leone",
      "iso2": "SL",
      "iso3": "SLE",
      "phone_code": 232,
      "continente": "África"
    },
    {
      "nombre": "Singapur",
      "name": "Singapore",
      "iso2": "SG",
      "iso3": "SGP",
      "phone_code": 65,
      "continente": "Asia"
    },
    {
      "nombre": "Siria",
      "name": "Syria",
      "iso2": "SY",
      "iso3": "SYR",
      "phone_code": 963,
      "continente": "Asia"
    },
    {
      "nombre": "Somalia",
      "name": "Somalia",
      "iso2": "SO",
      "iso3": "SOM",
      "phone_code": 252,
      "continente": "África"
    },
    {
      "nombre": "Sri lanka",
      "name": "Sri Lanka",
      "iso2": "LK",
      "iso3": "LKA",
      "phone_code": 94,
      "continente": "Asia"
    },
    {
      "nombre": "Sudáfrica",
      "name": "South Africa",
      "iso2": "ZA",
      "iso3": "ZAF",
      "phone_code": 27,
      "continente": "África"
    },
    {
      "nombre": "Sudán",
      "name": "Sudan",
      "iso2": "SD",
      "iso3": "SDN",
      "phone_code": 249,
      "continente": "África"
    },
    {
      "nombre": "Suecia",
      "name": "Sweden",
      "iso2": "SE",
      "iso3": "SWE",
      "phone_code": 46,
      "continente": "Europa"
    },
    {
      "nombre": "Suiza",
      "name": "Switzerland",
      "iso2": "CH",
      "iso3": "CHE",
      "phone_code": 41,
      "continente": "Europa"
    },
    {
      "nombre": "Surinám",
      "name": "Suriname",
      "iso2": "SR",
      "iso3": "SUR",
      "phone_code": 597,
      "continente": "América"
    },
    {
      "nombre": "Svalbard y Jan Mayen",
      "name": "Svalbard and Jan Mayen",
      "iso2": "SJ",
      "iso3": "SJM",
      "phone_code": 0,
      "continente": "Europa"
    },
    {
      "nombre": "Swazilandia",
      "name": "Swaziland",
      "iso2": "SZ",
      "iso3": "SWZ",
      "phone_code": 268,
      "continente": "África"
    },
    {
      "nombre": "Tadjikistán",
      "name": "Tajikistan",
      "iso2": "TJ",
      "iso3": "TJK",
      "phone_code": 992,
      "continente": "Asia"
    },
    {
      "nombre": "Tailandia",
      "name": "Thailand",
      "iso2": "TH",
      "iso3": "THA",
      "phone_code": 66,
      "continente": "Asia"
    },
    {
      "nombre": "Taiwán",
      "name": "Taiwan",
      "iso2": "TW",
      "iso3": "TWN",
      "phone_code": 886,
      "continente": "Asia"
    },
    {
      "nombre": "Tanzania",
      "name": "Tanzania",
      "iso2": "TZ",
      "iso3": "TZA",
      "phone_code": 255,
      "continente": "África"
    },
    {
      "nombre": "Territorio Británico del Océano Índico",
      "name": "British Indian Ocean Territory",
      "iso2": "IO",
      "iso3": "IOT",
      "phone_code": 0,
      "continente": ""
    },
    {
      "nombre": "Territorios Australes y Antárticas Franceses",
      "name": "French Southern Territories",
      "iso2": "TF",
      "iso3": "ATF",
      "phone_code": 0,
      "continente": ""
    },
    {
      "nombre": "Timor Oriental",
      "name": "East Timor",
      "iso2": "TL",
      "iso3": "TLS",
      "phone_code": 670,
      "continente": "Asia"
    },
    {
      "nombre": "Togo",
      "name": "Togo",
      "iso2": "TG",
      "iso3": "TGO",
      "phone_code": 228,
      "continente": "África"
    },
    {
      "nombre": "Tokelau",
      "name": "Tokelau",
      "iso2": "TK",
      "iso3": "TKL",
      "phone_code": 690,
      "continente": "Australia y Oceanía"
    },
    {
      "nombre": "Tonga",
      "name": "Tonga",
      "iso2": "TO",
      "iso3": "TON",
      "phone_code": 676,
      "continente": "Australia y Oceanía"
    },
    {
      "nombre": "Trinidad y Tobago",
      "name": "Trinidad and Tobago",
      "iso2": "TT",
      "iso3": "TTO",
      "phone_code": 1868,
      "continente": "América"
    },
    {
      "nombre": "Tunez",
      "name": "Tunisia",
      "iso2": "TN",
      "iso3": "TUN",
      "phone_code": 216,
      "continente": "África"
    },
    {
      "nombre": "Turkmenistán",
      "name": "Turkmenistan",
      "iso2": "TM",
      "iso3": "TKM",
      "phone_code": 993,
      "continente": "Asia"
    },
    {
      "nombre": "Turquía",
      "name": "Turkey",
      "iso2": "TR",
      "iso3": "TUR",
      "phone_code": 90,
      "continente": "Asia"
    },
    {
      "nombre": "Tuvalu",
      "name": "Tuvalu",
      "iso2": "TV",
      "iso3": "TUV",
      "phone_code": 688,
      "continente": "Australia y Oceanía"
    },
    {
      "nombre": "Ucrania",
      "name": "Ukraine",
      "iso2": "UA",
      "iso3": "UKR",
      "phone_code": 380,
      "continente": "Europa"
    },
    {
      "nombre": "Uganda",
      "name": "Uganda",
      "iso2": "UG",
      "iso3": "UGA",
      "phone_code": 256,
      "continente": "África"
    },
    {
      "nombre": "Uruguay",
      "name": "Uruguay",
      "iso2": "UY",
      "iso3": "URY",
      "phone_code": 598,
      "continente": "América"
    },
    {
      "nombre": "Uzbekistán",
      "name": "Uzbekistan",
      "iso2": "UZ",
      "iso3": "UZB",
      "phone_code": 998,
      "continente": "Asia"
    },
    {
      "nombre": "Vanuatu",
      "name": "Vanuatu",
      "iso2": "VU",
      "iso3": "VUT",
      "phone_code": 678,
      "continente": "Australia y Oceanía"
    },
    {
      "nombre": "Venezuela",
      "name": "Venezuela",
      "iso2": "VE",
      "iso3": "VEN",
      "phone_code": 58,
      "continente": "América"
    },
    {
      "nombre": "Vietnam",
      "name": "Vietnam",
      "iso2": "VN",
      "iso3": "VNM",
      "phone_code": 84,
      "continente": "Asia"
    },
    {
      "nombre": "Wallis y Futuna",
      "name": "Wallis and Futuna",
      "iso2": "WF",
      "iso3": "WLF",
      "phone_code": 681,
      "continente": "Australia y Oceanía"
    },
    {
      "nombre": "Yemen",
      "name": "Yemen",
      "iso2": "YE",
      "iso3": "YEM",
      "phone_code": 967,
      "continente": "Asia"
    },
    {
      "nombre": "Yibuti",
      "name": "Djibouti",
      "iso2": "DJ",
      "iso3": "DJI",
      "phone_code": 253,
      "continente": "África"
    },
    {
      "nombre": "Zambia",
      "name": "Zambia",
      "iso2": "ZM",
      "iso3": "ZMB",
      "phone_code": 260,
      "continente": "África"
    },
    {
      "nombre": "Zimbabue",
      "name": "Zimbabwe",
      "iso2": "ZW",
      "iso3": "ZWE",
      "phone_code": 263,
      "continente": "África"
    }
  ]
}
